topic,frex_terms,prob_terms,lift_terms
1,"hiring, jobs, job, interview, interviews, looking, entry, finding, applied, retail","job, work, jobs, can, got, looking, hiring, find, will, places","applications, applied, bell, employee, entry, hiring, interview, interviews, openings, organized"
2,"mean, literally, something, anything, shit, worse, read, yeah, good, illegal","think, something, way, good, anything, mean, thing, say, yeah, anyone","bums, wifi, depression, murder, des, liberals, horrible, hobo, ain, shame"
3,"council, mayor, removed, law, rides, enforcement, vote, laws, city, wants","city, free, police, can, bus, mayor, enforcement, law, council, keep","council, rant, respectfully, regina, removed, rides, solar, elections, cartel, mayors"
4,"numbers, community, give, single, per, home, spent, food, add, trump","money, things, every, give, community, food, still, home, person, time","donate, lunch, ongoing, parent, plane, teachers, military, numbers, hungry, bought"
5,"lived, ago, phoenix, amp, place, years, live, past, grant, alvernon","years, place, live, area, time, ago, lived, car, see, shelters","alvernon, grantalvernon, ave, emerge, intersection, speedway, texas, salvation, shop, phoenix"
6,"post, thank, world, love, theres, know, thats, thanks, yet, happening","know, dont, thats, see, much, theres, yes, ive, post, thank","havent, lately, downvotes, eating, mods, nude, christ, paper, virtue, mad"
7,"may, able, didn, back, trying, family, made, someone, fucking, else","back, someone, right, now, well, trying, come, else, find, may","fan, prescribed, backgrounds, benzos, pacc, suck, hatchet, owner, son, panic"
8,"pretty, article, somewhere, nice, reddit, east, said, sure, personally, information","said, sure, pretty, town, since, never, though, always, nice, reddit","canyon, sabino, catalina, deaths, eastside, excuses, foothills, oro, stats, handing"
9,"health, resources, assistance, addiction, mental, sober, shelter, provide, programs, housing","housing, can, resources, health, addiction, mental, first, services, shelter, help","stable, couch, substances, effective, severe, health, development, connect, sobriety, assistance"
10,"billionaires, rich, taxes, wealth, tax, million, income, wealthy, units, wages","tax, pay, will, housing, taxes, income, cost, billionaires, money, less","assessment, existence, hundred, marginal, rich, taxed, taxing, bezos, billionaires, grants"
11,"minimum, camping, lol, washes, parks, group, wage, property, cause, public","can, homeless, public, lol, property, living, trash, wage, parks, minimum","dirty, minimum, official, six, trashing, uncle, ban, blm, careful, coalition"
12,"jail, want, society, drugs, drug, unhoused, addicts, criminal, change, addict","homeless, want, help, need, drug, many, make, drugs, will, addicts","choices, invite, punishing, lifestyle, enabling, acknowledge, addict, dignity, jail, requirement"
13,"solution, solutions, comment, doesn, problem, problems, fix, don, policies, point","don, problem, homelessness, solution, point, issue, problems, doesn, state, work","insults, capitalism, excellent, redditors, besides, capitalist, sarcastic, border, opiate, republican"
14,"lights, dark, youre, mall, light, bright, stupid, safety, grass, tell","youre, take, safety, lights, light, tell, make, will, long, cant","bright, girl, grass, lights, sexual, skies, brighter, dark, yep, eye"
15,"fires, fire, park, bike, guy, wash, bridge, rita, along, meth","homeless, fire, park, fires, around, bus, time, guy, stop, wash","brush, tonight, bridge, cortaro, inpatient, reid, shed, fires, smoking, witnessed"
